{
    "output_dir": "output/composer,lyricist,genre_id,register_duration_2024-12-09_21-26-36",
    "train_auroc": 0.8536985675378491,
    "val_auroc": 0.8148501481775489
}